id;first_name;last_name;gender;email;phone;address_line_1;address_line_2;city;country
1;Augusta;Wintheiser;MALE;Fay_Price89@gmail.com;(847) 868-0917 x86650;Unbranded invoice;clear-thinking;South Jean;Papua New Guinea
2;Isaias;O'Hara;MALE;Chaya_Rodriguez@gmail.com;1-876-355-0536 x2225;Coordinator Cambridgeshire Investor;cross-platform Borders;Marcellaport;Switzerland
3;Cleta;Fay;MALE;Charlie.Ziemann95@gmail.com;(983) 709-9345;Wisconsin Facilitator Incredible;reinvent;Gleichnerborough;Latvia
4;Ceasar;Hilpert;MALE;Kevon20@hotmail.com;693-125-2837 x8617;real-time discrete redundant;Synergistic Personal Loan Account Sleek;South Lizziefort;Comoros
5;Mabel;Bernier;MALE;Aurelia_Kertzmann@yahoo.com;341-592-8580;Small Fresh Gloves;Brunei Darussalam interface;Runteburgh;Croatia
6;Virgie;Mueller;MALE;Maximo72@yahoo.com;1-995-730-7324;bypass Ameliorated;Brand;Keeblerchester;Panama
7;Hailie;Beer;MALE;Demarco.Ferry@yahoo.com;1-169-269-5765 x4674;Organic;Cheese Steel;North Audreanne;Aruba
8;Aurelie;Bauch;MALE;Chanelle9@hotmail.com;484.314.4630 x6968;explicit;Personal Loan Account;Jevonhaven;Maldives
9;Maeve;Paucek;MALE;Lucy86@hotmail.com;698.563.5614 x858;Investment Account parsing invoice;black;East Baronbury;Andorra
10;Alison;Botsford;MALE;Marion_Bailey@hotmail.com;(241) 663-6980;schemas Specialist China;quantify multi-byte;Rennerbury;Brunei Darussalam
